movie_id,title,year,genres,runtime,rating,overview
27205,Inception,2010,Science Fiction|Thriller,148,,A team enters dreams to plant an idea while a troubled thief struggles with memory and reality.
157336,Interstellar,2014,Science Fiction|Adventure|Drama,169,,Explorers travel through a wormhole to find a new home for humanity as a father fights to return to his family.
19995,Avatar,2009,Science Fiction|Adventure,162,,A soldier joins an alien community on a distant planet and confronts a corporation exploiting its natural resources.
603,The Matrix,1999,Science Fiction|Action,136,,A programmer discovers reality is a simulation and joins a rebellion against the machines controlling humanity.
329865,Arrival,2016,Science Fiction|Drama,116,,A linguist studies the language of alien visitors and discovers a connection between communication and time.
286217,The Martian,2015,Science Fiction|Adventure,144,,An astronaut stranded on Mars uses science and ingenuity to survive while a team on Earth organizes his rescue.
78,Blade Runner,1982,Science Fiction|Thriller,117,,A detective hunts artificial humans in a crowded futuristic city and questions the nature of identity and memory.
335984,Blade Runner 2049,2017,Science Fiction|Drama,164,,An artificial human detective uncovers a secret that challenges identity and memory in a futuristic city.
155,The Dark Knight,2008,Action|Crime|Thriller,152,,A masked hero faces a chaotic criminal whose schemes test justice and the moral choices of a city.
272,Batman Begins,2005,Action|Crime,140,,A grieving heir trains to become a masked hero and protect his city from corruption and fear.
680,Pulp Fiction,1994,Crime|Drama,154,,Intersecting stories follow criminals and unexpected encounters through a city of violence and dark humor.
238,The Godfather,1972,Crime|Drama,175,,The son of a powerful crime family becomes involved in its business as loyalty and ambition reshape his life.
240,The Godfather Part II,1974,Crime|Drama,202,,Parallel stories explore the rise of a crime family and the isolation of a leader consumed by power.
278,The Shawshank Redemption,1994,Drama,142,,Two prisoners build a friendship over years of confinement while one maintains hope and works toward freedom.
13,Forrest Gump,1994,Drama|Romance,142,,A kindhearted man experiences changing decades of American life while remaining devoted to a childhood friend.
489,Good Will Hunting,1997,Drama,126,,A gifted young janitor confronts his past through therapy and friendship while deciding how to use his talent.
453,A Beautiful Mind,2001,Drama,135,,A brilliant mathematician struggles with mental illness while seeking stability through love and academic work.
313369,La La Land,2016,Romance|Music|Drama,128,,An aspiring actor and a jazz musician fall in love while navigating ambition and artistic careers in Los Angeles.
244786,Whiplash,2014,Music|Drama,107,,An ambitious jazz drummer trains under a demanding teacher whose methods push the limits of artistic ambition.
120,The Lord of the Rings: The Fellowship of the Ring,2001,Fantasy|Adventure,178,,A young hobbit and a fellowship travel across a magical world to destroy a ring threatening their home.
121,The Lord of the Rings: The Two Towers,2002,Fantasy|Adventure,179,,Separated companions face a growing war while two hobbits continue their journey to destroy a dangerous ring.
671,Harry Potter and the Philosopher's Stone,2001,Fantasy|Adventure|Family,152,,A young orphan discovers he is a wizard and finds friendship and danger at a school of magic.
129,Spirited Away,2001,Animation|Fantasy|Family,125,,A young girl enters a spirit world and works in a magical bathhouse to rescue her parents.
862,Toy Story,1995,Animation|Comedy|Family,81,,A cowboy toy becomes jealous of a new space hero before the rivals learn friendship on an adventure away from home.
12,Finding Nemo,2003,Animation|Adventure|Family,100,,A cautious fish travels across the ocean with a forgetful companion to rescue his missing son.
10681,WALL-E,2008,Animation|Science Fiction|Family,98,,A lonely robot cleaning an abandoned Earth follows another robot into space and helps humanity rediscover its home.
150540,Inside Out,2015,Animation|Comedy|Family,95,,Personified emotions guide a young girl through a move as joy and sadness learn how memories shape growing up.
496243,Parasite,2019,Thriller|Drama,132,,A struggling family gains employment in a wealthy household as class tensions escalate into unexpected conflict.
419430,Get Out,2017,Horror|Thriller,104,,A young man visits his girlfriend's family and uncovers a disturbing conspiracy beneath their welcoming behavior.
694,The Shining,1980,Horror|Thriller,146,,A writer and his family become isolated in a remote hotel where supernatural forces and obsession threaten them.
550,Fight Club,1999,Drama|Thriller,139,,An alienated office worker forms an underground fighting group that grows into a dangerous challenge to consumer society.
77,Memento,2000,Thriller|Mystery,113,,A man unable to form new memories uses notes and photographs to investigate a murder while questioning whom to trust.
